Target: ,12cx7,,,,,,
Patient,minute,calories,distance,floors,heart,steps,sleep_level
12cx7,0:01:00,0.968900025,0,0,67,0,1
12cx7,0:00:00,0.968900025,0,0,63,0,1
12cx7,0:02:00,0.968900025,0,0,69,0,1
12cx7,0:03:00,0.968900025,0,0,70,0,1
12cx7,0:04:00,0.968900025,0,0,70,0,1
12cx7,0:05:00,0.968900025,0,0,71,0,1
12cx7,0:06:00,0.968900025,0,0,69,0,1
12cx7,0:06:00,0.968900025,0,0,71,0,1
12cx7,8:48:00,0.968900025,1,,61,0,